Text,Date,Time,Draft,Facebook,Instagram,Twitter/X,LinkedIn,GBP,Pinterest,TikTok,YouTube,Threads,Bluesky,Picture Url 1,Alt text picture 1,Facebook Post Type,Brand name (Optional)
"Welcome to Solar Business Philippines. ☀️

Para ito sa contractors, electricians, engineers, technicians, salespeople, construction professionals, aspiring installers, at sa lahat ng gustong maintindihan kung paano gumagana ang solar business sa Pilipinas.

Dito tayo mag-uusap tungkol sa:

• solar fundamentals
• system design at installation
• costing at proposals
• sales at customer education
• project operations at business growth

Practical ang approach natin—walang puro hype at walang puro theory.

Ano ang role mo ngayon, at anong solar topic ang gusto mong matutunan? Comment below. 👇

#SolarBusinessPhilippines #SolarPH",2026-08-19,09:00:00,FALSE,TRUE,FALSE,FALSE,FALSE,FALSE,FALSE,FALSE,FALSE,FALSE,FALSE,https://raw.githubusercontent.com/mxoutkast/solar-business-ph-assets/main/posts/2026/08/post-01-welcome.png,"Two solar technicians wearing proper safety equipment install rooftop solar panels in the Philippines. Text reads: Welcome to Solar Business Philippines.",POST,Solar Business Philippines
